Date,Solar_model1_ensemble,Solar_model3_prophet,Solar_model4_lstm,Solar_model5_xgboost,Wind_model3_prophet,Wind_model4_lstm,Wind_model5_xgboost
2026-01-01,7.680817016447811,7.111735676159151,6.885062,6.897762,1.659477149168734,3.7427382,6.0272946
2026-01-02,7.340903717765034,7.2027257443106,6.8820543,7.068773,1.6038032769368784,3.7878964,6.524596
2026-01-03,7.598322916245733,7.142117729520301,6.878143,7.2772264,1.5556368291438072,3.8398871,6.484326
2026-01-04,7.614906272883525,7.060636256334883,6.873814,7.143078,1.5150369163992663,3.895181,6.1682115
2026-01-05,7.589323799024508,7.127186093114503,6.8693886,7.0011067,1.4819174571975675,3.9532993,6.2340918
2026-01-06,7.601073822328968,7.15337080273755,6.864984,6.9022903,1.4560538032833703,4.0151615,6.8479056
2026-01-07,7.614656342796901,7.241509046191758,6.8607154,6.8517385,1.4370924497698558,4.080081,6.8102665
2026-01-08,7.641571360428311,7.126474405532196,6.856636,6.8600736,1.4245634967505647,4.1476088,6.7787952
2026-01-09,7.646485541889864,7.217762153667483,6.852777,6.9813075,1.4178954662376846,4.217401,6.893983
2026-01-10,7.625898887181557,7.159337140491131,6.849144,7.1163235,1.4164320274968,4.2889943,6.790288
2026-01-11,7.643811396303393,7.08189576002416,6.8457212,6.991937,1.4194501463972582,4.361841,6.303607
2026-01-12,7.6502230692553725,7.15428018572546,6.842546,6.8554845,1.426179151012578,4.4355655,6.3167977
2026-01-13,7.665633906037493,7.188000004900793,6.8395967,6.8286304,1.4358201967370494,4.509068,7.0035787
2026-01-14,7.650710573316423,7.285251956464727,6.8368516,6.7991223,1.4475656195649709,4.5818377,7.1626678
2026-01-15,7.625786404425495,7.180763528311901,6.834295,6.7865896,1.460617685438923,4.6532006,7.1584144
2026-01-16,7.599194732698041,7.283863731093874,6.83192,6.883323,1.474206275856048,4.7227073,7.029911
2026-01-17,7.603768891467397,7.23833511006147,6.829713,7.0428886,1.487605094008193,4.789943,7.00536
2026-01-18,7.595175547400229,7.174679857467536,6.8276625,7.0071425,1.5001460301018366,4.8544993,6.286479
2026-01-19,7.584081367163203,7.261538118853467,6.8257537,6.8534727,1.5112313873588188,4.9161506,6.069641
2026-01-20,7.605653017422986,7.31021354072287,6.8239746,6.8623905,1.520343739541545,4.974841,6.693181
2026-01-21,7.597557164846243,7.42269669262884,6.822349,6.8670597,1.52705326452095,5.030409,6.665789
2026-01-22,7.57462714276631,7.333512062027479,6.820875,6.865385,1.5310224741915532,5.0827565,6.8531203
2026-01-23,7.58619628451652,7.451791894811823,6.8195105,6.9801908,1.532008336675732,5.131875,6.7531533
2026-01-24,7.597264590096871,7.42113091349212,6.818241,7.152107,1.5298618600697131,5.177865,6.785161
2026-01-25,7.601998726174031,7.3718547596588095,6.817086,7.0325913,1.5245252758728336,5.2209587,6.3377185
2026-01-26,7.659232026081333,7.472440251208408,6.8160253,6.938661,1.51602702281438,5.2618523,6.1224217
2026-01-27,7.710631156485446,7.534042510820152,6.8150544,6.9657435,1.5044747863671746,5.300101,6.823042
2026-01-28,7.723362784053032,7.658519617899815,6.8141723,6.9303727,1.4900468944139065,5.3358493,6.764057
2026-01-29,7.756093575450762,7.580280509911352,6.813349,6.944804,1.4729824042160566,5.3692856,6.842897
2026-01-30,7.719823530678632,7.708359439885598,6.8125944,7.062161,1.4535702392815648,5.4005284,6.7033453
2026-01-31,7.756885983069979,7.686271060059312,6.811899,7.148288,1.4321377465289649,5.429767,6.726179
2026-02-01,7.829947599291468,7.644279018199315,6.811278,6.795083,1.4090390442779943,5.4571347,5.3435144
2026-02-02,7.837008379343099,7.750816196750148,6.8107195,6.8231525,1.3846435203726228,5.4827456,6.222538
2026-02-03,7.773734989891539,7.817011688724982,6.8102055,6.8824205,1.359324817830108,5.5067396,6.879271
2026-02-04,7.832127430936787,7.944715195885728,6.809711,6.8918214,1.33345061377997,5.5292,6.8774905
2026-02-05,7.859852369145512,7.868344602924845,6.8092785,6.87105,1.3073734573691391,5.5502353,6.7760825
2026-02-06,7.925743137851045,7.99696005540097,6.8088865,6.9445434,1.2814228852578693,5.56994,6.536275
2026-02-07,7.930133070386721,7.974118624786524,6.808534,7.0662355,1.2558989809858678,5.588428,6.5457163
2026-02-08,7.892688833419205,7.930142452550317,6.8081903,6.941849,1.2310674886687698,5.6057196,6.186278
2026-02-09,7.893910426948497,8.033538500784815,6.8078923,6.904116,1.2071565340689294,5.6219387,6.3539095
2026-02-10,7.943631184307932,8.095524993027752,6.8076305,6.8817163,1.1843549489653795,5.6371236,6.9563346
2026-02-11,7.888017772164177,8.218055213796914,6.807368,6.877912,1.1628121397811384,5.651378,6.880462
2026-02-12,7.887070190517229,8.135664397804739,6.807134,6.8599887,1.1426393903546497,5.6647243,6.961089
2026-02-13,7.886455106033758,8.257543009711624,6.806932,6.941955,1.123912443146707,5.6772404,6.861122
2026-02-14,7.885839185380429,8.227390468380968,6.806762,7.002669,1.1066751644559325,5.688974,7.0702105
2026-02-15,7.923055761890575,8.175682177584424,6.806584,6.8746142,1.0909440684835308,5.6999726,6.6253285
2026-02-16,7.939438168897531,8.271087962097349,6.8064504,6.80679,1.0767134532299982,5.710287,6.4836183
2026-02-17,7.965819739734628,8.324996967723534,6.806344,6.8084536,1.063960888743471,5.719958,7.131072
2026-02-18,8.0480338077352,8.439539674040212,6.806228,6.8597474,1.0526527954358698,5.729024,6.828685
2026-02-19,8.057580372899249,8.349432738355588,6.806135,6.8609395,1.042749856929042,5.73753,6.7206154
2026-02-20,8.030792768560106,8.464049968097477,6.80607,6.9921155,1.0342120278075817,5.7455025,6.567584
2026-02-21,8.02183766138444,8.427273482135485,6.805986,7.091806,1.0270029210202911,5.7529793,6.590418
2026-02-22,8.027881718038914,8.369757940657946,6.805901,6.9931827,1.021093391528443,5.759994,6.297802
2026-02-23,8.046424938523531,8.460345971945769,6.805837,6.8949337,1.0164641709219309,5.766569,6.1174474
2026-02-24,8.001633989504956,8.510589895842056,6.80579,6.88957,1.013107450709421,5.7727413,6.840266
2026-02-25,7.966175537649859,8.622770445491806,6.805728,6.917928,1.0110273582675808,5.7785244,6.799047
2026-02-26,7.953549582958236,8.531738269390878,6.805661,6.9077673,1.0102393173491655,5.78395,6.796597
2026-02-27,8.022756125430087,8.646981584015904,6.805621,7.040755,1.0107683328912829,5.7890363,6.690525
2026-02-28,8.088461831732083,8.612474118410164,6.805567,7.055203,1.012646285942112,5.793809,6.688686
2026-03-01,8.064500035197552,8.5589363170102,6.805517,6.7800665,1.015908367207369,5.798283,5.366865
2026-03-02,8.016537402493165,8.655248019073516,6.8055043,6.832667,1.0205888155017564,5.8024774,6.261109
2026-03-03,8.043240600285587,8.712967805255866,6.8054757,6.8720837,1.026716158937412,5.8064127,6.917842
2026-03-04,8.056776295241482,8.834349801517813,6.805451,6.8814845,1.034308180865842,5.810104,6.900841
2026-03-05,8.115977820694187,8.754183805931875,6.8054285,6.860713,1.0433668485406526,5.8135653,6.799433
2026-03-06,8.106178509977036,8.881862184176638,6.805409,6.9342065,1.053873449577284,5.8168116,6.5596256
2026-03-07,8.113545029756692,8.861227739717924,6.805392,7.032125,1.065784179268464,5.819857,6.569067
2026-03-08,8.212410713366491,8.822835576053864,6.805376,6.9077387,1.0790264106641314,5.822712,6.2096286
2026-03-09,8.281442227473098,8.935367204543635,6.805362,6.8881025,1.0934958593623012,5.8253913,6.37726
2026-03-10,8.314639572076516,9.010152105585307,6.8053503,6.8657026,1.1090548268002896,5.827902,6.9563346
2026-03-11,8.355836080510075,9.149187531033371,6.80534,6.8618984,1.125531670364326,5.830258,6.880462
2026-03-12,8.358698419440442,9.086982390573086,6.8053303,6.843975,1.1427216070094213,5.8324676,6.961089
2026-03-13,8.378559922200953,9.232628623920707,6.8053217,6.9259415,1.1603889106403424,5.8345394,6.861122
2026-03-14,8.31158725545827,9.229654199993414,6.8053145,6.986655,1.1782705137954943,5.8364825,7.0702105
2026-03-15,8.252780419212398,9.208290675328696,6.805309,6.8451014,1.1960809728316648,5.8383064,6.6253285
2026-03-16,8.236139413463334,9.336893461315244,6.8053026,6.784736,1.2135187045719933,5.840016,6.4836183
2026-03-17,8.264664238211079,9.426469887062092,6.805298,6.7864,1.2302733529694074,5.841619,7.131072
2026-03-18,8.257854893455633,9.578705710460492,6.8052936,6.8376937,1.2460340984643894,5.843123,6.828685
2026-03-19,8.271378045863662,9.52781577333607,6.8052893,6.838886,1.260498681966606,5.8445334,6.7206154
2026-03-20,8.314900362101834,9.682622047765008,6.8052864,6.970062,1.2733828812284846,5.8458567,6.567584
2026-03-21,8.354421842170149,9.686413055674617,6.8052835,7.069752,1.2844301510477705,5.847097,6.590418
2026-03-22,8.401775819401939,9.669217434807509,6.805281,6.971129,1.2934211212671247,5.8482614,6.297802
2026-03-23,8.497462293797204,9.79922964538408,6.8052793,6.87288,1.3001826386622684,5.849353,6.1174474
2026-03-24,8.518647932022612,9.887342757277048,6.805277,6.8675165,1.3045960409896198,5.850376,6.840266
2026-03-25,8.53883273407816,10.03517883548964,6.805276,6.8958745,1.306604363814898,5.851336,6.799047
2026-03-26,8.597350033297186,9.9769425012982,6.8052745,6.8857136,1.306218203087801,5.8522367,6.796597
2026-03-27,8.626033163013018,10.121500817319976,6.8052726,7.0280123,1.3035199882441848,5.8530817,6.690525
2026-03-28,8.678215456558995,10.11224340271592,6.805272,7.0424604,1.29866646108968,5.8538733,6.688686
2026-03-29,8.641730247268447,10.079355501184889,6.805271,6.9684296,1.2918892037473388,5.8546157,6.2875786
2026-03-30,8.616410868474706,10.19124197315644,6.80527,6.952566,1.2834931131728604,5.8553123,6.1211405
2026-03-31,8.608757320177775,10.25905715785614,6.8052697,6.9134717,1.2738527785892693,5.855966,6.7812843
2026-04-01,8.669269602377653,10.384731158275905,6.8052697,6.700921,1.2634067799264468,5.8565793,6.1471214
2026-04-02,8.684614381741008,10.30281819084752,6.8052692,6.7849593,1.2526499881208464,5.8571544,6.8237915
2026-04-03,8.68362499160117,10.422570240742225,6.805269,6.953986,1.242124010016994,5.8576927,6.606959
2026-04-04,8.650968098624807,10.387790048197578,6.805269,7.0454955,1.2324059797140747,5.8581986,6.594388
2026-04-05,8.707810369478588,10.3290962917946,6.805269,6.859002,1.2240959526468087,5.8586726,6.085563
2026-04-06,8.675985137495843,10.415339104318008,6.805268,6.844543,1.217803206759532,5.859118,6.191262
2026-04-07,8.650825736009908,10.45812104834268,6.805268,6.8473086,1.2141317952337571,5.8595357,6.8375206
2026-04-08,8.637665498354115,10.559814299087456,6.805268,6.8405743,1.213665726040499,5.8599267,6.809441
2026-04-09,8.59917109119513,10.455399879199229,6.805268,6.8250084,1.216954163991625,5.8602943,6.9871316
2026-04-10,8.565675847866288,10.554532392781386,6.805268,6.931733,1.224497060202371,5.8606377,6.784831
2026-04-11,8.630013101700921,10.501384488831912,6.805268,7.0100374,1.2367316114635236,5.860962,6.7255306
2026-04-12,8.67418285269903,10.426904118120367,6.805268,6.8778887,1.2540199378591277,5.8612647,6.4390745
2026-04-13,8.675685100860614,10.500222905562712,6.805268,6.852836,1.276638341269969,5.861548,6.29269
2026-04-14,8.70568651285234,10.533170935267604,6.805268,6.8023243,1.3047684707678875,5.861816,7.185669
2026-04-15,8.728353755340875,10.62828884504065,6.805268,6.774722,1.3384906742358045,5.862065,7.1515965
2026-04-16,8.744020161659552,10.520663199627323,6.805268,6.7351413,1.3777797600700898,5.8622994,7.118807
2026-04-17,8.78485239847504,10.61998868667664,6.805268,6.8659296,1.4225033300322667,5.8625193,6.9595685
2026-04-18,8.788517132454,10.570411431764445,6.805268,6.9769497,1.472422775947682,5.862726,6.7084036
2026-04-19,8.729514363596438,10.502786530305707,6.805268,6.8896794,1.52719696091544,5.862919,6.1960397
2026-04-20,8.78084409190235,10.586088118885764,6.805268,6.8844967,1.5863885320453637,5.8631005,5.9626207
2026-04-21,8.793839650705074,10.631927250087704,6.805269,6.870789,1.6494727385794683,5.8632708,6.669346
2026-04-22,8.784501040004605,10.74256840167399,6.805269,6.8767896,1.7158485587172976,5.8634305,6.789873
2026-04-23,8.770161593134278,10.65277049213678,6.805269,6.855281,1.7848518726103282,5.86358,6.8223777
2026-04-24,8.759987976760758,10.7718558203124,6.805269,6.948538,1.8557703597630613,5.8637204,6.7315845
2026-04-25,8.746146857550716,10.743561073167818,6.805269,7.0468636,1.9278597482630413,5.863852,6.7544184
2026-04-26,8.79347156883748,10.698303325128649,6.805269,6.9482403,2.0003610023846816,5.8639755,6.2720213
2026-04-27,8.815462110621057,10.8045991590688,6.805269,6.91605,2.0725180054641488,5.864091,6.114511
2026-04-28,8.846785149568108,10.87359196745094,6.805269,6.8533726,2.1435952774488376,5.864199,6.7745337
2026-04-29,8.919774019011966,11.007078050736158,6.805269,6.9022937,2.2128952618126334,5.8643007,6.7796497
2026-04-30,8.9595953856193,10.939357168498558,6.805269,6.9158096,2.279774724825164,5.864397,6.7725697
2026-05-01,8.952582582723446,11.079310746802443,6.8052692,6.8268385,2.3436598313334835,5.864487,5.951846
2026-05-02,8.973402276991063,11.070261679518936,6.8052692,6.957324,2.404059494750791,5.86457,6.5548024
2026-05-03,8.95705446842216,11.042248453228922,6.8052692,6.877003,2.460576643966477,5.8646502,6.1099215
2026-05-04,8.921705823683395,11.163451549489894,6.8052692,6.886751,2.5129171051983707,5.864723,6.3006945
2026-05-05,8.926523009441441,11.244727028198009,6.8052692,6.844856,2.5608958608685204,5.8647933,6.87097
2026-05-06,8.871172692362963,11.38763777957172,6.8052692,6.8269496,2.604440518618582,5.8648586,6.8139224
2026-05-07,8.890321539114627,11.326307998754755,6.8052692,6.8256927,2.643591899624455,5.8649187,6.765984
2026-05-08,8.928302883029765,11.46950401547388,6.8052692,6.905926,2.678501734230341,5.8649764,6.67201
2026-05-09,8.897783390775047,11.460495377036452,6.8052692,6.9842305,2.709427532401265,5.8650303,6.869664
2026-05-10,8.934596395683803,11.429328907242091,6.8052692,6.864575,2.73672477429991,5.8650804,6.3224497
2026-05-11,8.955408564422703,11.544253719949303,6.8052692,6.867165,2.760836640198785,5.865127,6.2015176
2026-05-12,8.976219896991743,11.6162521469582,6.8052692,6.8317866,2.7822815668280465,5.8651724,6.9566264
2026-05-13,9.029530393390926,11.747067152801542,6.8052692,6.81917,2.8016389771474524,5.8652134,6.922554
2026-05-14,9.058006720286915,11.671051901989138,6.8052692,6.7807083,2.819533580708024,5.8652515,7.0626707
2026-05-15,9.06214887767972,11.797244746020615,6.8052692,6.8395886,2.8366186807448988,5.8652887,6.9627037
2026-05-16,9.096623532235997,11.769223682814456,6.8052692,6.916984,2.853558950787081,5.865323,6.9570017
2026-05-17,9.136430683955748,11.717373180780228,6.8052692,6.8245344,2.871013157093781,5.8653555,6.4528484
2026-05-18,9.225570332838974,11.810301526646825,6.8052692,6.8564596,2.889617303200128,5.865385,6.0715866
2026-05-19,9.245709145552343,11.859363843057512,6.8052692,6.8401966,2.9099686592757488,5.8654137,6.667586
2026-05-20,9.259680455429187,11.96668153602578,6.8052692,6.8767896,2.932611112224049,5.86544,6.550374
2026-05-21,9.258984262469513,11.86698402169974,6.8052692,6.8612237,2.958022233236467,5.865464,6.5828786
2026-05-22,9.282620566673309,11.969676175476277,6.8052692,6.938355,2.9866024089845262,5.8654885,6.637738
2026-05-23,9.314922701373913,11.91868571944076,6.8052692,7.0267973,3.01866632222257,5.8655105,6.660572
2026-05-24,9.28322399990466,11.844723587410618,6.8052692,6.941683,3.0544369990363087,5.8655305,6.2223034
2026-05-25,9.24252446226555,11.9166955542128,6.8052692,6.8865523,3.0940425652768746,5.8655496,6.0488687
2026-05-26,9.238990755123249,11.94622038042219,6.8052692,6.8647757,3.1375157760160346,5.865568,6.720639
2026-05-27,9.182456211811088,12.035645313561345,6.8052692,6.9298944,3.1847963014631238,5.865585,6.673315
2026-05-28,9.149754165662404,11.91988485043084,6.8052692,6.8645988,3.2357356729843456,5.865601,6.5403867
2026-05-29,9.161717950010528,12.00848623254414,6.8052692,6.9694247,3.290104716023853,5.865615,6.486755
2026-05-30,9.120680898188796,11.9454758933841,6.8052692,7.0433855,3.347603225048746,5.86563,6.470004
2026-05-31,9.07547634353054,11.861619874143267,6.8052692,6.9513655,3.4078715712519894,5.865643,6.1941104
2026-06-01,9.074104286035755,11.925836448059622,6.8052692,6.760658,3.470503878486687,5.8656554,5.284427
2026-06-02,9.093898059037784,11.949716136306936,6.8052692,6.785223,3.535062358429301,5.8656673,6.702164
2026-06-03,9.127524329203286,12.035539868993393,6.8052692,6.8591814,3.6010923635653223,5.865677,6.645578
2026-06-04,9.140649763198931,11.918121092461387,6.8052692,6.8651,3.6681376971985946,5.8656874,6.6476994
2026-06-05,9.170774361024716,12.00687517874729,6.8052692,6.9264436,3.7357557139023214,5.8656974,6.414541
2026-06-06,9.187564789347316,11.945670230863517,6.8052692,6.978361,3.803531751817008,5.8657064,6.3394094
2026-06-07,9.259854381500052,11.86509217037658,6.8052692,6.861958,3.871092459727014,5.865714,5.9561253
2026-06-08,9.260143137482933,11.933862215870786,6.8052692,6.8703885,3.9381176162927822,5.865722,5.9940457
2026-06-09,9.19909772396262,11.963361806161917,6.8052692,6.8427725,4.004350085173765,5.8657293,6.8906083
2026-06-10,9.14771814093912,12.055655598609412,6.8052692,6.849698,4.069603606694284,5.865737,6.7542024
2026-06-11,9.155837721745758,11.945338229673109,6.8052692,6.834132,4.1337681924938,5.865743,6.674938
2026-06-12,9.155789799715874,12.041608091459024,6.8052692,6.9066033,4.196812962354199,5.8657494,6.6565647
2026-06-13,9.1669077081828,11.988122130124218,6.8052692,6.9653654,4.258786339959761,5.865755,6.679399
2026-06-14,9.125524780479866,11.91526448094462,6.8052692,6.828957,4.319813604429574,5.865761,6.420772
2026-06-15,9.114141016607077,11.99156699439717,6.8052692,6.79932,4.380091874708451,5.8657646,6.226897
2026-06-16,9.16408974989776,12.028236670929337,6.8052692,6.7476892,4.4398826819436135,5.86577,6.9382963
2026-06-17,9.211704313685251,12.12718061680213,6.8052692,6.7838945,4.499502358495009,5.8657737,6.8449526
2026-06-18,9.215318041302888,12.022854207837202,6.8052692,6.8234267,4.559310539035361,5.865778,6.5062184
2026-06-19,9.192097599417332,12.124335731190024,6.8052692,6.9150133,4.619697127315678,5.8657823,6.3413305
2026-06-20,9.220542988028583,12.075181542525012,6.8052692,7.039066,4.6810681298689625,5.8657866,6.3111005
2026-06-21,9.235154207136649,12.00569459809565,6.8052692,6.934117,4.743830793735915,5.86579,5.7634754
2026-06-22,9.258097923408185,12.084344471670764,6.8052692,6.888341,4.808378508172387,5.8657928,5.8381295
2026-06-23,9.243540803509864,12.12229393785072,6.8052692,6.854937,4.875075939511476,5.8657956,6.5448546
2026-06-24,9.237982847441684,12.221422803621012,6.8052692,6.88761,4.94424486358057,5.8657985,6.519729
2026-06-25,9.293257388536984,12.116174747131812,6.8052692,6.883688,5.016151141457716,5.865801,6.552233
2026-06-26,9.277864426795755,12.2156305059265,6.8052692,6.9639215,5.0909932523524,5.8658023,6.4173117
2026-06-27,9.280470628884672,12.1633615213067,6.8052692,7.0882783,5.168892752977562,5.865805,6.4340415
2026-06-28,9.312409328137065,12.08969696239831,6.8052692,6.9089055,5.249886977145328,5.8658075,5.8617435
2026-06-29,9.302013857886262,12.16314229644942,6.8052692,6.922975,5.33392422414568,5.8658094,5.8814073
2026-06-30,9.289450884798937,12.194904534214547,6.8052692,6.8882384,5.420861611593157,5.8658113,6.5019665
2026-07-01,9.279053742208418,12.286914868824724,6.8052692,6.7354574,5.510465689998014,5.865813,5.9060163
2026-07-02,9.25148909678138,12.17367449202126,6.8052692,6.780352,5.602415834617819,5.865815,6.673273
2026-07-03,9.22292361518448,12.264326942671852,6.8052692,6.9276185,5.696310347571121,5.8658166,6.4564404
2026-07-04,9.207857297417728,12.202511094798512,6.8052692,7.019128,5.791675122163467,5.8658175,6.4438696
2026-07-05,9.208623476814443,12.118627697573032,6.8052692,6.8465586,5.887974644282465,5.86582,5.834862
2026-07-06,9.206555486707972,12.181257611993614,6.8052692,6.8567653,5.984625034823635,5.8658204,6.0407434
2026-07-07,9.24248666043164,12.201686841993457,6.8052692,6.843458,6.081008774545964,5.865822,6.687002
2026-07-08,9.238250331318786,12.281929039719165,6.8052692,6.8503838,6.176490700341458,5.865823,6.6589227
2026-07-09,9.172346499369407,12.15657122469531,6.8052692,6.826538,6.270434821248289,5.8658247,6.836613
2026-07-10,9.224775164583503,12.234846024433484,6.8052692,6.9067717,6.362221474865262,5.8658247,6.6343126
2026-07-11,9.221369660294412,12.160484495538292,6.8052692,6.985076,6.451264330957994,5.8658257,6.575012
2026-07-12,9.15896331983546,12.063982391252097,6.8052692,6.8466015,6.537026749496181,5.8658266,6.151877
2026-07-13,9.167222809873318,12.114017977698914,6.8052692,6.8437696,6.619037015104082,5.865828,6.1056747
2026-07-14,9.164981463741317,12.121976460468993,6.8052692,6.7932577,6.696901998616678,5.865828,6.998654
2026-07-15,9.174739281439455,12.189971673551234,6.8052692,6.7793155,6.770318838270774,5.8658295,6.9645815
2026-07-16,9.227162929634405,12.052690752716456,6.8052692,6.731455,6.839084286903695,5.8658304,6.931792
2026-07-17,9.152585741659497,12.119465094790735,6.8052692,6.840968,6.903101435813539,5.8658304,6.7725534
2026-07-18,9.156507717514732,12.03412166815572,6.8052692,6.9821496,6.962383598853768,5.865831,6.4941177
2026-07-19,9.159262190533443,11.927247559564629,6.8052692,6.8772006,7.017055219778889,5.8658323,5.8815713
2026-07-20,9.132515827382294,11.967605891525835,6.8052692,6.872478,7.06734974957657,5.8658333,5.748335
2026-07-21,9.141601961394622,11.966658216112224,6.8052692,6.8587704,7.11360452606792,5.8658333,6.45506
2026-07-22,9.135187259237092,12.02658409262973,6.8052692,6.8693457,7.156252773001976,5.8658333,6.529773
2026-07-23,9.117271720909704,11.88212363634064,6.8052692,6.839557,7.195812917735941,5.8658338,6.5622773
2026-07-24,9.182855346412458,11.942646412417249,6.8052692,6.9332995,7.232875503019718,5.8658347,6.500016
2026-07-25,9.131604802412022,11.85200081855292,6.8052692,7.0316253,7.268088037182561,5.8658347,6.52285
2026-07-26,9.127520088908392,11.740776922057806,6.8052692,6.9266763,7.302138186150759,5.8658357,5.987789
2026-07-27,9.140434539234906,11.77772096622785,6.8052692,6.908606,7.335735758500577,5.8658357,5.9551363
2026-07-28,9.124181486724895,11.774256729169798,6.8052692,6.831935,7.369593969772015,5.8658357,6.6153326
2026-07-29,9.12476093137836,11.832504513612909,6.8052692,6.880856,7.404410493526375,5.8658366,6.6204486
2026-07-30,9.074672873195302,11.687123616813336,6.8052692,6.886092,7.44084881349829,5.865837,6.6133685
2026-07-31,9.037583978842386,11.74738170470683,6.8052692,6.965261,7.479520383465486,5.865837,6.5134015
2026-08-01,9.073827581652944,11.65700526928249,6.8052692,6.8867087,7.520968079357393,5.865838,5.6618147
2026-08-02,9.108237014960311,11.546444154038989,6.8052692,6.7852106,7.565651392280376,5.865838,5.900393
2026-08-03,9.09314561209782,11.584288363159034,6.8052692,6.875362,7.61393376259284,5.8658385,6.1334095
2026-08-04,9.07622003973214,11.5817923191621,6.8052692,6.860951,7.666072395303079,5.8658385,6.829728
2026-08-05,9.0517936311966,11.640897309311018,6.8052692,6.853597,7.722210827637316,5.8658385,6.709198
2026-08-06,9.051033053157868,11.496077911902075,6.8052692,6.812229,7.782374442621439,5.8658385,6.648759
2026-08-07,8.976938305615946,11.556415749627233,6.8052692,6.9067717,7.846469040174718,5.8658385,6.2005825
2026-08-08,8.9246760552375,11.465454654382592,6.8052692,6.985076,7.914282491899343,5.8658395,6.223699
2026-08-09,8.872246302022528,11.35347011817265,6.8052692,6.854364,7.985489419923898,5.8658395,5.8937902
2026-08-10,8.8603157126377,11.388891122459292,6.8052692,6.871074,8.059658756310675,5.8658395,5.886955
2026-08-11,8.838717620416347,11.382829377457735,6.8052692,6.843458,8.136263960058079,5.86584,6.501888
2026-08-12,8.862618692025137,11.437106571954638,6.8052692,6.8426213,8.214695595920182,5.86584,6.516199
2026-08-13,8.826018927464068,11.286105282487751,6.8052692,6.7992334,8.294275915206809,5.86584,6.5119457
2026-08-14,8.889251660066474,11.338846748300924,6.8052692,6.856571,8.374275025240113,5.86584,6.5982327
2026-08-15,8.87865022316569,11.238849461428211,6.8052692,6.9140077,8.45392819275299,5.86584,6.621067
2026-08-16,8.861381283428383,11.116401321485778,6.8052692,6.7995863,8.532453798369678,5.86584,6.0474663
2026-08-17,8.834944840854547,11.139983336490015,6.8052692,6.8052707,8.60907144519589,5.86584,5.9998784
2026-08-18,8.820507562110857,11.120799808051386,6.8052692,6.8327527,8.68301972480463,5.86584,6.322722
2026-08-19,8.79690278053064,11.16080552964868,6.8052692,6.8396783,8.753573158483146,5.86584,6.1776967
2026-08-20,8.785963829447235,10.994555599218693,6.8052692,6.8455,8.82005786002837,5.865841,6.127289
2026-08-21,8.75102404219397,11.03128103144252,6.8052692,6.9257336,8.881865507743644,5.86584,6.027322
2026-08-22,8.736583418770847,10.914744126319272,6.8052692,7.0201187,8.938465266334724,5.865841,6.2049823
2026-08-23,8.768808625844533,10.775506379952189,6.8052692,6.909227,8.989413362542036,5.8658414,5.6737933
2026-08-24,8.718532996748362,10.782346984498773,6.8052692,6.861126,9.034360089645144,5.865841,5.6907554
2026-08-25,8.692089864815667,10.746786949747396,6.8052692,6.8621774,9.073054093332924,5.8658414,6.31644
2026-08-26,8.64881256337978,10.771109496087709,6.8052692,6.878437,9.10534387251898,5.8658414,6.2402663
2026-08-27,8.657034425774034,10.590202465754324,6.8052692,6.908615,9.131176511093734,5.8658414,6.266666
2026-08-28,8.627588785331765,10.61362610477256,6.8052692,6.925885,9.150593737887784,5.8658414,6.142026
2026-08-29,8.634142308719637,10.485460356844705,6.8052692,7.00859,9.163725489875445,5.8658414,6.211195
2026-08-30,8.61686166260432,10.3365646528854,6.8052692,6.933483,9.170781225572256,5.8658414,5.795533
2026-08-31,8.686913513652478,10.335988449135176,6.8052692,6.8975735,9.17203929955146,5.8658414,5.6783547
2026-09-01,8.635964528530776,10.2954877551844,6.8052692,6.728532,9.16783476315724,5.8658414,5.651041
2026-09-02,8.560848040572552,10.317538507906669,6.8052692,6.7876387,9.158545999229904,5.8658414,6.3835344
2026-09-03,8.564064049777802,10.137172736102476,6.8052692,6.847385,9.144580628758174,5.8658414,6.2803407
2026-09-04,8.570445889479862,10.164041052441467,6.8052692,6.9408236,9.126361143964434,5.8658414,6.1490993
2026-09-05,8.534493559678731,10.042255778923291,6.8052692,7.000238,9.104310724975498,5.8658423,6.137244
2026-09-06,8.445707060374406,9.902647830523744,6.8052692,6.8170877,9.078839685880173,5.8658423,5.4687967
2026-09-07,8.34775305823356,9.91417572242484,6.8052692,6.871074,9.050332971037353,5.8658423,5.693137
2026-09-08,8.364798219922855,9.888442022465489,6.8052692,6.843458,9.01913908474822,5.8658414,6.2070947
2026-09-09,8.418509212108958,9.927708149919129,6.8052692,6.8503838,8.985560788036759,5.8658423,6.388177
2026-09-10,8.391052701458538,9.76673347330976,6.8052692,6.826538,8.949847836820041,5.8658423,6.248379
2026-09-11,8.33409535463826,9.814842213362486,6.8052692,6.9067717,8.91219196802519,5.8658423,6.106612
2026-09-12,8.301137171648122,9.715772388341035,6.8052692,6.9773135,8.872724266308222,5.8658423,6.315286
2026-09-13,8.285678152488128,9.599939819855836,6.8052692,6.844259,8.83151496621989,5.8658423,5.477765
2026-09-14,8.267884963824944,9.635855422310469,6.8052692,6.81377,8.788575665330878,5.8658423,5.6591835
2026-09-15,8.244257605658566,9.63465092257002,6.8052692,6.765286,8.743863845420108,5.8658423,6.220296
2026-09-16,8.212129411322332,9.698103707030768,6.8052692,6.7481966,8.69728952373553,5.8658423,6.190898
2026-09-17,8.197167047482907,9.560486520568857,6.8052692,6.7536306,8.648723786896635,5.8658423,6.0941625
2026-09-18,8.192037180806956,9.630645276405067,6.8052692,6.8889623,8.598008898345839,5.8658423,5.6929255
2026-09-19,8.186906477961148,9.55185895421711,6.8052692,6.9750457,8.5449696182954,5.8658423,5.755084
2026-09-20,8.21794160561215,9.454114338284096,6.8052692,6.9151697,8.489425334486349,5.8658423,5.1543946
2026-09-21,8.211809230426626,9.505533552834068,6.8052692,6.865374,8.431202574047,5.8658423,4.976439
2026-09-22,8.198509352404578,9.516909282378222,6.8052692,6.8516665,8.370147452233622,5.8658423,5.7337403
2026-09-23,8.194875304879337,9.589738129314863,6.8052692,6.856299,8.3061376133385,5.8658423,5.690075
2026-09-24,8.204240421184242,9.458077608819949,6.8052692,6.845962,8.239093232643512,5.8658423,5.7317533
2026-09-25,8.23243803465262,9.53062984209937,6.8052692,6.9409547,8.168986675634326,5.8658423,5.677431
2026-09-26,8.221634811951143,9.450605759329392,6.8052692,7.0245214,8.095850450977727,5.8658423,5.723911
2026-09-27,8.227330753079803,9.348002434748846,6.8052692,6.9674664,8.019783145874479,5.8658423,5.170181
2026-09-28,8.277359191371943,9.391031422246856,6.8052692,6.8825197,7.94095309475788,5.8658423,5.164487
2026-09-29,8.298886793494225,9.390652933758217,6.8052692,6.8565273,7.859599603102596,5.8658423,5.7667155
2026-09-30,8.297413559446648,9.44860631231029,6.8052692,6.896704,7.776031625199664,5.8658423,5.6859117
2026-10-01,8.265772822562544,9.299262345012664,6.8052692,6.7232084,7.69062387583689,5.8658423,5.0832963
2026-10-02,8.273131249508586,9.351700567377256,6.8052692,6.8556232,7.603810438447953,5.8658423,5.649722
2026-10-03,8.275155506951437,9.24956550398327,6.8052692,6.994391,7.51607601392636,5.8658423,5.701811
2026-10-04,8.237178928224427,9.123334642063613,6.8052692,6.8300996,7.427945032470685,5.8658423,5.2423396
2026-10-05,8.213701513327562,9.141736216986056,6.8052692,6.846114,7.339968923088127,5.8658423,5.4239435
2026-10-06,8.129223262260838,9.116271894081644,6.8052692,6.800976,7.252711899497802,5.8658423,5.767006
2026-10-07,8.116244175024255,9.14923506662199,6.8052692,6.826083,7.166735675112511,5.8658423,5.789231
2026-10-08,8.077430918284483,8.975550602381482,6.8052692,6.8022375,7.082583561790269,5.8658423,5.71951
2026-10-09,7.990283492041519,9.004839489545901,6.8052692,6.882471,7.000764435752897,5.8658423,5.8346977
2026-10-10,7.96396856296203,8.881262631093442,6.8052692,6.9536557,6.921737068437269,5.8658423,5.819109
2026-10-11,7.985152797712685,8.735776885494287,6.8052692,6.8300476,6.8458953195074415,5.8658423,5.20518
2026-10-12,7.919169529626813,8.737541723517978,6.8052692,6.8318915,6.773554673639504,5.8658423,5.349339
2026-10-13,7.934518758704418,8.69843185862375,6.8052692,6.7847333,6.704940572294404,5.8658423,5.943504
2026-10-14,7.872367151612165,8.721046818955276,6.8052692,6.768763,6.640178947258328,5.8658423,6.0914946
2026-10-15,7.817548041683388,8.540543510456033,6.8052692,6.7240496,6.579289305396164,5.8658423,6.1243887
2026-10-16,7.793394762251419,8.566695402185081,6.8052692,6.780268,6.522180645383892,5.8658423,5.9958854
2026-10-17,7.798240646649591,8.443732721802064,6.8052692,6.872062,6.468650409059942,5.8658423,6.0606537
2026-10-18,7.750919028211241,8.302596852785111,6.8052692,6.8346086,6.418386584638418,5.8658423,5.2242346
2026-10-19,7.743096573603032,8.312347349244195,6.8052692,6.8106728,6.370972988791883,5.8658423,5.075785
2026-10-20,7.722773282824965,8.284676922863007,6.8052692,6.8090744,6.3258976621193,5.8658423,5.5953474
2026-10-21,7.735615822543708,8.32192531801476,6.8052692,6.8196497,6.282564220441293,5.8658423,5.561048
2026-10-22,7.772290859425924,8.15891802467802,6.8052692,6.795804,6.240305915401565,5.8658423,5.7483788
2026-10-23,7.781965060138285,8.205033314832626,6.8052692,6.855763,6.198402074612526,5.8658423,5.651982
2026-10-24,7.772305091347454,8.104051802951009,6.8052692,6.963657,6.156096516562745,5.8658423,5.8354897
2026-10-25,7.725310953053431,7.986421497455749,6.8052692,6.8697524,6.112617470950991,5.8658423,5.2878637
2026-10-26,7.718315978589551,8.020676502535753,6.8052692,6.803788,6.067198483021867,5.8658423,5.1780534
2026-10-27,7.72648683462248,8.017964443036782,6.8052692,6.8308706,6.019099742488959,5.8658423,5.774423
2026-10-28,7.699323521152217,8.08007322827426,6.8052692,6.810581,5.967629254997949,5.8658423,5.708531
2026-10-29,7.664492704845431,7.941282793363282,6.8052692,6.8135443,5.912163267623481,5.8658423,5.78737
2026-10-30,7.673827719035453,8.010444989630045,6.8052692,6.909626,5.852165369975493,5.8658423,5.6436977
2026-10-31,7.682495230388951,7.930845515341016,6.8052692,6.966674,5.787203719020793,5.8658423,5.62892
2026-11-01,7.731661905572589,7.832480556698842,6.8052692,6.651137,5.716965878113708,5.8658423,4.199603
2026-11-02,7.7378277445863715,7.883486021399269,6.8052692,6.7224727,5.641270817967262,5.8658423,5.0972567
2026-11-03,7.730992747430295,7.8946741870414225,6.8052692,6.785425,5.560077697910883,5.8658423,5.571047
2026-11-04,7.733656914104363,7.967568162635461,6.8052692,6.781311,5.4734911279326806,5.8658423,5.6802936
2026-11-05,7.7383202446085715,7.836259622350623,6.8052692,6.769414,5.381762703506944,5.8658423,5.5788856
2026-11-06,7.721316072276254,7.909492846053358,6.8052692,6.8117604,5.285288703577544,5.8658423,5.1994123
2026-11-07,7.716977730440747,7.830528866545702,6.8052692,6.9043736,5.184603944654069,5.8658423,5.345872
2026-11-08,7.7069718857687155,7.729422349851948,6.8052692,6.7807655,5.080371887930397,5.8658423,4.917465
2026-11-09,7.644631871593494,7.774449095818679,6.8052692,6.777825,4.973371198806285,5.8658423,5.0425425
2026-11-10,7.596957687915079,7.776639034438492,6.8052692,6.743089,4.864479056314564,5.8658423,5.436519
2026-11-11,7.595782668066808,7.837805215839177,6.8052692,6.7132945,4.754651600988021,5.8658423,5.3488607
2026-11-12,7.576606812048676,7.692394396497088,6.8052692,6.6816864,4.644901991076861,5.8658423,5.4200573
2026-11-13,7.49593011986069,7.749562439557257,6.8052692,6.705553,4.536276606418302,5.8658423,5.3200903
2026-11-14,7.431585924836178,7.653028547502717,6.8052692,6.7609615,4.429829994705679,5.8658423,5.6308293
2026-11-15,7.398574226975143,7.533341201186414,6.8052692,6.633685,4.326599194751842,5.8658423,5.264794
2026-11-16,7.423228359610915,7.559293963045555,6.8052692,6.661739,4.227578094426079,5.8658423,4.5700107
2026-11-17,7.410048322743495,7.542446306468935,6.8052692,6.678001,4.133692486518116,5.8658423,5.0323668
2026-11-18,7.385034116372886,7.585140264491267,6.8052692,6.7322283,4.045776473606074,5.8658423,4.709529
2026-11-19,7.386352407165751,7.422338796917405,6.8052692,6.7083826,3.9645508432913,5.8658423,4.654087
2026-11-20,7.411003195122092,7.463689384173735,6.8052692,6.781459,3.890603988665892,5.8658423,4.520811
2026-11-21,7.3971531469085745,7.353367143311679,6.8052692,6.906663,3.824375886750411,5.8658423,4.6951447
2026-11-22,7.385635595858534,7.222330597339988,6.8052692,6.808818,3.7661455715169967,5.8658423,4.4383454
2026-11-23,7.386783875305303,7.239728486749648,6.8052692,6.801339,3.716022449995641,5.8658423,4.158463
2026-11-24,7.419931318582212,7.217412984652658,6.8052692,6.7959757,3.6739417121923137,5.8658423,4.7375464
2026-11-25,7.428911259022598,7.257950272059826,6.8052692,6.8319235,3.639663980732348,5.8658423,4.741972
2026-11-26,7.416057029959792,7.096454496059147,6.8052692,6.8132424,3.6127792370866314,5.8658423,4.811905
2026-11-27,7.431535298060462,7.142648700629593,6.8052692,6.8974414,3.592714950873274,5.8658423,4.705833
2026-11-28,7.452012729991274,7.040707063342094,6.8052692,6.8822193,3.5787482300103237,5.8658423,4.809849
2026-11-29,7.434989325752229,6.921511563036061,6.8052692,6.791264,3.5700217053491867,5.8658423,4.444558
2026-11-30,7.386465085343325,6.954061418182669,6.8052692,6.8398166,3.565562766642959,5.8658423,4.20368
2026-12-01,7.370440008764564,6.9499905670493245,6.8052692,6.6767035,3.5643056798898405,5.8658423,4.1649814
2026-12-02,7.335247429349278,7.011584017688225,6.8052692,6.712973,3.5651160415660392,5.8658423,4.985893
2026-12-03,7.346554013764134,6.873618927622744,6.8052692,6.796255,3.5668169650072428,5.8658423,4.984469
2026-12-04,7.323526428675799,6.945433810444074,6.8052692,6.831764,3.568216349817923,5.8658423,4.898673
2026-12-05,7.291331340750939,6.870779985673813,6.8052692,6.8611183,3.568134557826633,5.8658423,4.996012
2026-12-06,7.292552083322889,6.780088161650117,6.8052692,6.685072,3.56543180949023,5.8658423,4.3788633
2026-12-07,7.303355323058314,6.84188824355957,6.8052692,6.8396764,3.559034622956733,5.8658423,4.246398
2026-12-08,7.242824393290547,6.867337384358727,6.8052692,6.8120604,3.547960643990557,5.8658423,4.7109656
2026-12-09,7.2499592940195905,,6.8052692,6.796149,,5.8658423,4.892048
2026-12-10,7.23142669191211,,6.8052692,6.740081,,5.8658423,4.8048778
2026-12-11,7.234226586968103,,6.8052692,6.7834897,,5.8658423,4.6631107
2026-12-12,7.251192312520906,,6.8052692,6.825315,,5.8658423,4.946105
2026-12-13,7.19840720190385,,6.8052692,6.7186866,,5.8658423,4.537041
2026-12-14,7.203371255116937,,6.8052692,6.8025875,,5.8658423,4.4722147
2026-12-15,7.253834472160166,,6.8052692,6.7541037,,5.8658423,5.0368705
2026-12-16,7.258963519700204,,6.8052692,6.714177,,5.8658423,5.0074725
2026-12-17,7.266091731070384,,6.8052692,6.7150626,,5.8658423,4.997444
2026-12-18,7.312052439604041,,6.8052692,6.8286104,,5.8658423,4.6030273
2026-12-19,7.33701231196784,,6.8052692,6.9217844,,5.8658423,4.71244
2026-12-20,7.374804681495113,,6.8052692,6.856128,,5.8658423,4.2480726
2026-12-21,7.395929548185862,,6.8052692,6.931865,,5.8658423,4.002034
2026-12-22,7.393386912040087,,6.8052692,6.9181576,,5.8658423,4.689003
2026-12-23,7.428176773057786,,6.8052692,6.8963037,,5.8658423,4.6711397
2026-12-24,7.438465797905629,,6.8052692,6.885967,,5.8658423,4.785201
2026-12-25,7.410087319916946,,6.8052692,6.9124928,,5.8658423,4.730879
2026-12-26,7.366708005758406,,6.8052692,6.9162683,,5.8658423,4.824613
2026-12-27,7.301494522096675,,6.8052692,6.7343326,,5.8658423,4.4077015
2026-12-28,7.312530202265086,,6.8052692,6.7721505,,5.8658423,4.2173505
2026-12-29,7.236233385270021,,6.8052692,6.5835867,,5.8658423,4.736691
2026-12-30,6.788684059765384,,6.8052692,6.5325246,,5.8658423,4.610345
2026-12-31,7.495550564757554,,6.8052692,6.5617065,,5.8658423,4.7395263
